{
  "camera": {
    "field":      60,
    "background": [0, 0, 0.1]
  },
  
  "objects": [
    {
      "type":        "sphere",
      "radius":      1.0,
      "position":    [0, 0, -4],
      "material": {
        "ambient":   [0.3, 0.3, 0.3],
        "diffuse":   [1, 0, 0],
        "specular":  [1, 1, 1],
        "shininess": 25.6
      }
    },
    {
      "type":        "sphere",
      "radius":      2.5,
      "position":    [1.5, 1.5, -8.5],
      "material": {
        "ambient":   [0.2, 0.2, 0.2],
        "diffuse":   [0.56, 0.24, 0.12],
        "specular":  [0.4, 0.4, 0.4],
        "shininess": 120.888832
      }
    },
    {
      "type":      "plane",
      "position":  [0, -2, 0],
      "normal":    [0, 1, 0],
      "material": {
        "ambient": [0.2, 0.2, 0.2],
        "diffuse": [0.56, 0.24, 0.12]
      }
    },
    {
      "type":      "plane",
      "position":  [-2.5, -1, 1.5],
      "normal":    [1, 0, -0.3],
      "material": {
        "ambient": [0.5, 0.5, 0.7],
        "diffuse": [0.72, 0.75, 0.84]
      }
    },
    {
      "type":      "mesh",
      "triangles": [
        [ [-0.5, 1.0, -2.1], [-1.0, -0.7, -2.1], [-0.5, -0.7, -1.6] ],
        [ [-0.5, 1.0, -2.1], [-0.5, -0.7, -1.6], [0.0, -0.7, -2.1] ],
        [ [-0.5, 1.0, -2.1], [-0.5, -0.7, -2.6], [-1.0, -0.7, -2.1] ],
        [ [-0.5, 1.0, -2.1], [0.0, -0.7, -2.1], [-0.5, -0.7, -2.6] ],
        [ [-0.5, -0.7, -1.6], [-1.0, -0.7, -2.1], [-0.5, -0.7, -2.6] ],
        [ [-0.5, -0.7, -1.6], [-0.5, -0.7, -2.6], [0.0, -0.7, -2.1] ]
      ],
      "material": {
        "ambient": [0.15, 0.15, 0.35],
        "diffuse": [0.7, 0, 0.8]
      }
    }
  ],
  
  "lights": [
    {
      "type":  "ambient",
      "color": [0.7, 0.7, 0.7]
    },
    {
      "type":      "directional",
      "color":     [0.9, 0.9, 0.9],
      "direction": [-0.1, -1, 0]
    },
    {
      "type":     "point",
      "color":    [0.6, 0.6, 0.0],
      "position": [-1, 8, 1]
    },
    {
      "type":      "spot",
      "color":     [0.2, 0.32, 0.85],
      "position":  [-2, 3.9, 1.5],
      "direction": [0.4, -0.8, -1],
      "cutoff":    10,
      "_comment":  "cutoff is half angle of cone, in degrees"
    }
  ]
}