{
  "camera": {
    "field":      60,
    "background": [0.3, 0.3, 0.3]
  },

  "objects": [
    {
      "type":        "sphere",
      "radius":      0.9,
      "position":    [-0.9, 0.035, -4.65],
      "material": {
        "ambient":      [0.133, 0.333, 0.133],
        "diffuse":      [0.4, 1, 0.4],
        "specular":     [0.3, 0.3, 0.3],
        "shininess":    75,
        "reflective":   [0.5, 0.5, 0.5],
        "transmissive": [0.5, 0.5, 0.5],
        "refraction":   1.77
      }
    },
    {
      "type":        "sphere",
      "radius":      1.0,
      "position":    [1.05, 0.0, -5.2],
      "material": {
         "ambient":   [0.075, 0.075, 0.333],
         "diffuse":   [0.3, 0.3, 1]
      }
    },
    {
      "type":        "sphere",
      "radius":      1.3,
      "position":    [0.05, 1.4, -7.5],
      "material": {
         "ambient":   [0.1745, 0.01175, 0.01175],
         "diffuse":   [0.61424, 0.04136, 0.04136],
         "specular":  [0.727811, 0.626959, 0.626959],
         "shininess": 76.8
      }
    },
    {
      "type":      "plane",
      "position":  [0, -0.9, -4.8],
      "normal":    [0, 1, 0.4],
      "material": {
         "ambient":    [0.1, 0.1, 0.1],
         "specular":   [0.5, 0.5, 0.5],
         "shininess":  1,
         "reflective": [0.2, 0.2, 0.2]
      }
    }
  ],
  
  "lights": [
    {
      "type":  "ambient",
      "color": [1, 1, 1]
    },
    {
      "type":      "directional",
      "color":     [0.4, 0.4, 0.4],
      "direction": [-1, -1, -0.1]
    },
    {
      "type":      "directional",
      "color":     [0.4, 0.4, 0.4],
      "direction": [-0.2, 0, -1]
    },
    {
      "type":      "directional",
      "color":     [1, 1, 1],
      "direction": [1, -0.6, -0.1]
    }
  ]
}